Dice_coefficient,timestamp,checkpoint_dir_name,done,training_iteration,trial_id,date,time_this_iter_s,time_total_s,pid,hostname,node_ip,time_since_restore,iterations_since_restore,config/C,config/penalty,config/loss,config/multi_class,logdir
0.8483920751610533,1711582945,,False,1,9ed36_00055,2024-03-28_00-42-25,2452.689081430435,2452.689081430435,14908,PrF-NB-PoselHP1,127.0.0.1,2452.689081430435,1,8.0,l1,hinge,crammer_singer,9ed36_00055
0.847970701501508,1711606196,,False,1,9ed36_00077,2024-03-28_07-09-56,3556.1935777664185,3556.1935777664185,14908,PrF-NB-PoselHP1,127.0.0.1,3556.1935777664185,1,16.0,l1,squared_hinge,crammer_singer,9ed36_00077
0.8479140463446455,1711649403,,False,1,9ed36_00147,2024-03-28_19-10-03,438.79875349998474,438.79875349998474,14908,PrF-NB-PoselHP1,127.0.0.1,438.79875349998474,1,0.0009765625,l2,squared_hinge,crammer_singer,9ed36_00147
0.8479132826053101,1711628800,,False,1,9ed36_00126,2024-03-28_13-26-40,442.09523701667786,442.09523701667786,3372,PrF-NB-PoselHP1,127.0.0.1,442.09523701667786,1,0.0009765625,l2,hinge,crammer_singer,9ed36_00126
0.847912921735182,1711594719,,False,1,9ed36_00063,2024-03-28_03-58-39,427.1133961677551,427.1133961677551,14908,PrF-NB-PoselHP1,127.0.0.1,427.1133961677551,1,0.0009765625,l1,squared_hinge,crammer_singer,9ed36_00063
0.8479076087184017,1711579357,,False,1,9ed36_00042,2024-03-27_23-42-37,445.38104462623596,445.38104462623596,9184,PrF-NB-PoselHP1,127.0.0.1,445.38104462623596,1,0.0009765625,l1,hinge,crammer_singer,9ed36_00042
0.8476105013437288,1711579371,,False,1,9ed36_00043,2024-03-27_23-42-51,458.20692443847656,458.20692443847656,13956,PrF-NB-PoselHP1,127.0.0.1,458.20692443847656,1,0.001953125,l1,hinge,crammer_singer,9ed36_00043
0.8476103424389053,1711629223,,False,1,9ed36_00127,2024-03-28_13-33-43,453.1641523838043,453.1641523838043,9184,PrF-NB-PoselHP1,127.0.0.1,453.1641523838043,1,0.001953125,l2,hinge,crammer_singer,9ed36_00127
0.8476092339009547,1711649832,,False,1,9ed36_00148,2024-03-28_19-17-12,428.99245738983154,428.99245738983154,14908,PrF-NB-PoselHP1,127.0.0.1,428.99245738983154,1,0.001953125,l2,squared_hinge,crammer_singer,9ed36_00148
0.8476091271379164,1711595193,,False,1,9ed36_00064,2024-03-28_04-06-33,474.0057315826416,474.0057315826416,14908,PrF-NB-PoselHP1,127.0.0.1,474.0057315826416,1,0.001953125,l1,squared_hinge,crammer_singer,9ed36_00064
0.8475915434306406,1711584331,,False,1,9ed36_00056,2024-03-28_01-05-31,3614.7819831371307,3614.7819831371307,13956,PrF-NB-PoselHP1,127.0.0.1,3614.7819831371307,1,16.0,l1,hinge,crammer_singer,9ed36_00056
0.8474191064795933,1711657095,,False,1,9ed36_00159,2024-03-28_21-18-15,1571.0050971508026,1571.0050971508026,14908,PrF-NB-PoselHP1,127.0.0.1,1571.0050971508026,1,4.0,l2,squared_hinge,crammer_singer,9ed36_00159
0.8474013228814983,1711579374,,False,1,9ed36_00044,2024-03-27_23-42-54,460.9228165149689,460.9228165149689,14908,PrF-NB-PoselHP1,127.0.0.1,460.9228165149689,1,0.00390625,l1,hinge,crammer_singer,9ed36_00044
0.8474010602386987,1711595700,,False,1,9ed36_00065,2024-03-28_04-15-00,506.69367241859436,506.69367241859436,14908,PrF-NB-PoselHP1,127.0.0.1,506.69367241859436,1,0.00390625,l1,squared_hinge,crammer_singer,9ed36_00065
0.8473994289163563,1711650257,,False,1,9ed36_00149,2024-03-28_19-24-17,425.05721950531006,425.05721950531006,14908,PrF-NB-PoselHP1,127.0.0.1,425.05721950531006,1,0.00390625,l2,squared_hinge,crammer_singer,9ed36_00149
0.8473984866429163,1711629256,,False,1,9ed36_00128,2024-03-28_13-34-16,456.2969169616699,456.2969169616699,3372,PrF-NB-PoselHP1,127.0.0.1,456.2969169616699,1,0.00390625,l2,hinge,crammer_singer,9ed36_00128
0.847387190328978,1711655524,,False,1,9ed36_00158,2024-03-28_20-52-04,1066.9125669002533,1066.9125669002533,14908,PrF-NB-PoselHP1,127.0.0.1,1066.9125669002533,1,2.0,l2,squared_hinge,crammer_singer,9ed36_00158
0.847353133930222,1711635008,,False,1,9ed36_00139,2024-03-28_15-10-08,2461.215667486191,2461.215667486191,9184,PrF-NB-PoselHP1,127.0.0.1,2461.215667486191,1,8.0,l2,hinge,crammer_singer,9ed36_00139
0.8473226987765679,1711629699,,False,1,9ed36_00129,2024-03-28_13-41-39,475.507924079895,475.507924079895,9184,PrF-NB-PoselHP1,127.0.0.1,475.507924079895,1,0.0078125,l2,hinge,crammer_singer,9ed36_00129
0.8473214916555989,1711650696,,False,1,9ed36_00150,2024-03-28_19-31-36,438.3794798851013,438.3794798851013,14908,PrF-NB-PoselHP1,127.0.0.1,438.3794798851013,1,0.0078125,l2,squared_hinge,crammer_singer,9ed36_00150
0.8473209438276654,1711579827,,False,1,9ed36_00045,2024-03-27_23-50-27,469.92713713645935,469.92713713645935,9184,PrF-NB-PoselHP1,127.0.0.1,469.92713713645935,1,0.0078125,l1,hinge,crammer_singer,9ed36_00045
0.8473208990886524,1711596169,,False,1,9ed36_00066,2024-03-28_04-22-49,469.28740406036377,469.28740406036377,14908,PrF-NB-PoselHP1,127.0.0.1,469.28740406036377,1,0.0078125,l1,squared_hinge,crammer_singer,9ed36_00066
0.847277600227996,1711629723,,False,1,9ed36_00130,2024-03-28_13-42-03,466.5799152851105,466.5799152851105,3372,PrF-NB-PoselHP1,127.0.0.1,466.5799152851105,1,0.015625,l2,hinge,crammer_singer,9ed36_00130
0.847277041111458,1711602640,,False,1,9ed36_00075,2024-03-28_06-10-40,1580.1346278190613,1580.1346278190613,14908,PrF-NB-PoselHP1,127.0.0.1,1580.1346278190613,1,4.0,l1,squared_hinge,crammer_singer,9ed36_00075
0.847276070314504,1711651135,,False,1,9ed36_00151,2024-03-28_19-38-55,439.5437066555023,439.5437066555023,14908,PrF-NB-PoselHP1,127.0.0.1,439.5437066555023,1,0.015625,l2,squared_hinge,crammer_singer,9ed36_00151
0.8472746603028218,1711596637,,False,1,9ed36_00067,2024-03-28_04-30-37,467.8166527748108,467.8166527748108,14908,PrF-NB-PoselHP1,127.0.0.1,467.8166527748108,1,0.015625,l1,squared_hinge,crammer_singer,9ed36_00067
0.8472733679164948,1711579838,,False,1,9ed36_00046,2024-03-27_23-50-38,478.7493944168091,478.7493944168091,5268,PrF-NB-PoselHP1,127.0.0.1,478.7493944168091,1,0.015625,l1,hinge,crammer_singer,9ed36_00046
0.8472667590069988,1711631585,,False,1,9ed36_00136,2024-03-28_14-13-05,841.5777151584625,841.5777151584625,3372,PrF-NB-PoselHP1,127.0.0.1,841.5777151584625,1,1.0,l2,hinge,crammer_singer,9ed36_00136
0.8472627701727113,1711601060,,False,1,9ed36_00074,2024-03-28_05-44-20,1079.7075130939484,1079.7075130939484,14908,PrF-NB-PoselHP1,127.0.0.1,1079.7075130939484,1,2.0,l1,squared_hinge,crammer_singer,9ed36_00074
0.8472617171158499,1711653678,,False,1,9ed36_00156,2024-03-28_20-21-18,612.1053805351257,612.1053805351257,14908,PrF-NB-PoselHP1,127.0.0.1,612.1053805351257,1,0.5,l2,squared_hinge,crammer_singer,9ed36_00156
0.8472537912464834,1711579881,,False,1,9ed36_00047,2024-03-27_23-51-21,510.87352228164673,510.87352228164673,13956,PrF-NB-PoselHP1,127.0.0.1,510.87352228164673,1,0.03125,l1,hinge,crammer_singer,9ed36_00047
0.8472526013852888,1711630190,,False,1,9ed36_00131,2024-03-28_13-49-50,490.7230911254883,490.7230911254883,9184,PrF-NB-PoselHP1,127.0.0.1,490.7230911254883,1,0.03125,l2,hinge,crammer_singer,9ed36_00131
0.8472521883783809,1711597142,,False,1,9ed36_00068,2024-03-28_04-39-02,505.27238512039185,505.27238512039185,14908,PrF-NB-PoselHP1,127.0.0.1,505.27238512039185,1,0.03125,l1,squared_hinge,crammer_singer,9ed36_00068
0.8472510207302161,1711651599,,False,1,9ed36_00152,2024-03-28_19-46-39,463.42754888534546,463.42754888534546,14908,PrF-NB-PoselHP1,127.0.0.1,463.42754888534546,1,0.03125,l2,squared_hinge,crammer_singer,9ed36_00152
0.8472410971111635,1711632547,,False,1,9ed36_00137,2024-03-28_14-29-07,1209.311145067215,1209.311145067215,9184,PrF-NB-PoselHP1,127.0.0.1,1209.311145067215,1,2.0,l2,hinge,crammer_singer,9ed36_00137
0.8472372847216153,1711599222,,False,1,9ed36_00072,2024-03-28_05-13-42,611.7572612762451,611.7572612762451,14908,PrF-NB-PoselHP1,127.0.0.1,611.7572612762451,1,0.5,l1,squared_hinge,crammer_singer,9ed36_00072
0.8472291732913498,1711661389,,False,1,9ed36_00161,2024-03-28_22-29-49,3616.92631816864,3616.92631816864,9184,PrF-NB-PoselHP1,127.0.0.1,3616.92631816864,1,16.0,l2,squared_hinge,crammer_singer,9ed36_00161
0.8472278857184463,1711580716,,False,1,9ed36_00052,2024-03-28_00-05-16,834.6439869403839,834.6439869403839,13956,PrF-NB-PoselHP1,127.0.0.1,834.6439869403839,1,1.0,l1,hinge,crammer_singer,9ed36_00052
0.847226192743421,1711653066,,False,1,9ed36_00155,2024-03-28_20-11-06,528.3637671470642,528.3637671470642,14908,PrF-NB-PoselHP1,127.0.0.1,528.3637671470642,1,0.25,l2,squared_hinge,crammer_singer,9ed36_00155
0.8472209028013501,1711598092,,False,1,9ed36_00070,2024-03-28_04-54-52,487.9938633441925,487.9938633441925,14908,PrF-NB-PoselHP1,127.0.0.1,487.9938633441925,1,0.125,l1,squared_hinge,crammer_singer,9ed36_00070
0.8472203074206981,1711630206,,False,1,9ed36_00132,2024-03-28_13-50-06,483.30798077583313,483.30798077583313,3372,PrF-NB-PoselHP1,127.0.0.1,483.30798077583313,1,0.0625,l2,hinge,crammer_singer,9ed36_00132
0.8472175319313099,1711652046,,False,1,9ed36_00153,2024-03-28_19-54-06,447.28967690467834,447.28967690467834,14908,PrF-NB-PoselHP1,127.0.0.1,447.28967690467834,1,0.0625,l2,squared_hinge,crammer_singer,9ed36_00153
0.8472175164197914,1711652538,,False,1,9ed36_00154,2024-03-28_20-02-18,491.46799993515015,491.46799993515015,14908,PrF-NB-PoselHP1,127.0.0.1,491.46799993515015,1,0.125,l2,squared_hinge,crammer_singer,9ed36_00154
0.8472174306957466,1711597604,,False,1,9ed36_00069,2024-03-28_04-46-44,461.87979674339294,461.87979674339294,14908,PrF-NB-PoselHP1,127.0.0.1,461.87979674339294,1,0.0625,l1,squared_hinge,crammer_singer,9ed36_00069
0.8472167236309853,1711579859,,False,1,9ed36_00048,2024-03-27_23-50-59,485.641393661499,485.641393661499,14908,PrF-NB-PoselHP1,127.0.0.1,485.641393661499,1,0.0625,l1,hinge,crammer_singer,9ed36_00048
0.8472161195180312,1711631338,,False,1,9ed36_00135,2024-03-28_14-08-58,661.2683990001678,661.2683990001678,9184,PrF-NB-PoselHP1,127.0.0.1,661.2683990001678,1,0.5,l2,hinge,crammer_singer,9ed36_00135
0.8472124498535142,1711580353,,False,1,9ed36_00049,2024-03-27_23-59-13,526.6492776870728,526.6492776870728,9184,PrF-NB-PoselHP1,127.0.0.1,526.6492776870728,1,0.125,l1,hinge,crammer_singer,9ed36_00049
0.8472068395681276,1711630676,,False,1,9ed36_00133,2024-03-28_13-57-56,486.47891497612,486.47891497612,9184,PrF-NB-PoselHP1,127.0.0.1,486.47891497612,1,0.125,l2,hinge,crammer_singer,9ed36_00133
0.847196222236636,1711630743,,False,1,9ed36_00134,2024-03-28_13-59-03,536.5046546459198,536.5046546459198,3372,PrF-NB-PoselHP1,127.0.0.1,536.5046546459198,1,0.25,l2,hinge,crammer_singer,9ed36_00134
0.8471932870667989,1711598610,,False,1,9ed36_00071,2024-03-28_05-03-30,517.3746764659882,517.3746764659882,14908,PrF-NB-PoselHP1,127.0.0.1,517.3746764659882,1,0.25,l1,squared_hinge,crammer_singer,9ed36_00071
0.8471874962880266,1711599980,,False,1,9ed36_00073,2024-03-28_05-26-20,758.0928745269775,758.0928745269775,14908,PrF-NB-PoselHP1,127.0.0.1,758.0928745269775,1,1.0,l1,squared_hinge,crammer_singer,9ed36_00073
0.8471849716223923,1711580493,,False,1,9ed36_00051,2024-03-28_00-01-33,633.1588897705078,633.1588897705078,14908,PrF-NB-PoselHP1,127.0.0.1,633.1588897705078,1,0.5,l1,hinge,crammer_singer,9ed36_00051
0.8471824136143773,1711654457,,False,1,9ed36_00157,2024-03-28_20-34-17,778.8395404815674,778.8395404815674,14908,PrF-NB-PoselHP1,127.0.0.1,778.8395404815674,1,1.0,l2,squared_hinge,crammer_singer,9ed36_00157
0.8471798715536528,1711580367,,False,1,9ed36_00050,2024-03-27_23-59-27,529.2386710643768,529.2386710643768,5268,PrF-NB-PoselHP1,127.0.0.1,529.2386710643768,1,0.25,l1,hinge,crammer_singer,9ed36_00050
0.8471796861558488,1711581521,,False,1,9ed36_00053,2024-03-28_00-18-41,1167.9272639751434,1167.9272639751434,9184,PrF-NB-PoselHP1,127.0.0.1,1167.9272639751434,1,2.0,l1,hinge,crammer_singer,9ed36_00053
0.8471150052932751,1711636850,,False,1,9ed36_00140,2024-03-28_15-40-50,3590.57666182518,3590.57666182518,3372,PrF-NB-PoselHP1,127.0.0.1,3590.57666182518,1,16.0,l2,hinge,crammer_singer,9ed36_00140
0.8470085682571492,1711581995,,False,1,9ed36_00054,2024-03-28_00-26-35,1627.7133090496063,1627.7133090496063,5268,PrF-NB-PoselHP1,127.0.0.1,1627.7133090496063,1,4.0,l1,hinge,crammer_singer,9ed36_00054
0.8468839130236959,1711659471,,False,1,9ed36_00160,2024-03-28_21-57-51,2376.315135240555,2376.315135240555,14908,PrF-NB-PoselHP1,127.0.0.1,2376.315135240555,1,8.0,l2,squared_hinge,crammer_singer,9ed36_00160
0.8466531080947898,1711664718,,False,1,9ed36_00162,2024-03-28_23-25-18,5246.847868442535,5246.847868442535,14908,PrF-NB-PoselHP1,127.0.0.1,5246.847868442535,1,32.0,l2,squared_hinge,crammer_singer,9ed36_00162
0.8466055604913092,1711633260,,False,1,9ed36_00138,2024-03-28_14-41-00,1674.9938433170319,1674.9938433170319,3372,PrF-NB-PoselHP1,127.0.0.1,1674.9938433170319,1,4.0,l2,hinge,crammer_singer,9ed36_00138
0.8464871204013171,1711603653,,False,1,9ed36_00076,2024-03-28_06-27-33,2372.741384744644,2372.741384744644,13956,PrF-NB-PoselHP1,127.0.0.1,2372.741384744644,1,8.0,l1,squared_hinge,crammer_singer,9ed36_00076
0.846419808011702,1711621129,,False,1,9ed36_00105,2024-03-28_11-18-49,419.1939449310303,419.1939449310303,3372,PrF-NB-PoselHP1,127.0.0.1,419.1939449310303,1,0.0009765625,l2,squared_hinge,ovr,9ed36_00105
0.8464158505372369,1711621549,,False,1,9ed36_00106,2024-03-28_11-25-49,420.06446981430054,420.06446981430054,3372,PrF-NB-PoselHP1,127.0.0.1,420.06446981430054,1,0.001953125,l2,squared_hinge,ovr,9ed36_00106
0.8464092579923924,1711578018,,False,1,9ed36_00030,2024-03-27_23-20-18,445.85428524017334,445.85428524017334,13956,PrF-NB-PoselHP1,127.0.0.1,445.85428524017334,1,0.5,l1,squared_hinge,ovr,9ed36_00030
0.8464078823323108,1711578464,,False,1,9ed36_00034,2024-03-27_23-27-44,446.46632623672485,446.46632623672485,13956,PrF-NB-PoselHP1,127.0.0.1,446.46632623672485,1,8.0,l1,squared_hinge,ovr,9ed36_00034
0.8464077526304543,1711578913,,False,1,9ed36_00040,2024-03-27_23-35-13,440.72080659866333,440.72080659866333,14908,PrF-NB-PoselHP1,127.0.0.1,440.72080659866333,1,512.0,l1,squared_hinge,ovr,9ed36_00040
0.8464075617780247,1711578466,,False,1,9ed36_00031,2024-03-27_23-27-46,450.4193751811981,450.4193751811981,5268,PrF-NB-PoselHP1,127.0.0.1,450.4193751811981,1,1.0,l1,squared_hinge,ovr,9ed36_00031
0.8464075391614618,1711578464,,False,1,9ed36_00033,2024-03-27_23-27-44,446.7888398170471,446.7888398170471,9184,PrF-NB-PoselHP1,127.0.0.1,446.7888398170471,1,4.0,l1,squared_hinge,ovr,9ed36_00033
0.8464069275788237,1711578912,,False,1,9ed36_00038,2024-03-27_23-35-12,448.09115171432495,448.09115171432495,13956,PrF-NB-PoselHP1,127.0.0.1,448.09115171432495,1,128.0,l1,squared_hinge,ovr,9ed36_00038
0.8464068108530759,1711621972,,False,1,9ed36_00107,2024-03-28_11-32-52,422.3508949279785,422.3508949279785,3372,PrF-NB-PoselHP1,127.0.0.1,422.3508949279785,1,0.00390625,l2,squared_hinge,ovr,9ed36_00107
0.8464066633963644,1711578016,,False,1,9ed36_00032,2024-03-27_23-20-16,449.2725944519043,449.2725944519043,5268,PrF-NB-PoselHP1,127.0.0.1,449.2725944519043,1,2.0,l1,squared_hinge,ovr,9ed36_00032
0.8464061859759454,1711578911,,False,1,9ed36_00037,2024-03-27_23-35-11,447.38293623924255,447.38293623924255,9184,PrF-NB-PoselHP1,127.0.0.1,447.38293623924255,1,64.0,l1,squared_hinge,ovr,9ed36_00037
0.8464058690810876,1711578910,,False,1,9ed36_00039,2024-03-27_23-35-10,443.56221771240234,443.56221771240234,5268,PrF-NB-PoselHP1,127.0.0.1,443.56221771240234,1,256.0,l1,squared_hinge,ovr,9ed36_00039
0.8464057777018869,1711579359,,False,1,9ed36_00041,2024-03-27_23-42-39,448.90943145751953,448.90943145751953,5268,PrF-NB-PoselHP1,127.0.0.1,448.90943145751953,1,1024.0,l1,squared_hinge,ovr,9ed36_00041
0.8464054901890337,1711577572,,False,1,9ed36_00035,2024-03-27_23-12-52,456.12847113609314,456.12847113609314,13956,PrF-NB-PoselHP1,127.0.0.1,456.12847113609314,1,16.0,l1,squared_hinge,ovr,9ed36_00035
0.8464050055101829,1711578472,,False,1,9ed36_00036,2024-03-27_23-27-52,454.28635263442993,454.28635263442993,14908,PrF-NB-PoselHP1,127.0.0.1,454.28635263442993,1,32.0,l1,squared_hinge,ovr,9ed36_00036
0.8464045448949885,1711623232,,False,1,9ed36_00110,2024-03-28_11-53-52,420.85702896118164,420.85702896118164,3372,PrF-NB-PoselHP1,127.0.0.1,420.85702896118164,1,0.03125,l2,squared_hinge,ovr,9ed36_00110
0.8464038654330627,1711578018,,False,1,9ed36_00028,2024-03-27_23-20-18,451.03118419647217,451.03118419647217,14908,PrF-NB-PoselHP1,127.0.0.1,451.03118419647217,1,0.125,l1,squared_hinge,ovr,9ed36_00028
0.8464027516079068,1711625786,,False,1,9ed36_00116,2024-03-28_12-36-26,418.74655628204346,418.74655628204346,3372,PrF-NB-PoselHP1,127.0.0.1,418.74655628204346,1,2.0,l2,squared_hinge,ovr,9ed36_00116
0.8464027135956513,1711628334,,False,1,9ed36_00123,2024-03-28_13-18-54,448.11308312416077,448.11308312416077,9184,PrF-NB-PoselHP1,127.0.0.1,448.11308312416077,1,256.0,l2,squared_hinge,ovr,9ed36_00123
0.8464027135956513,1711628770,,False,1,9ed36_00125,2024-03-28_13-26-10,435.7451243400574,435.7451243400574,9184,PrF-NB-PoselHP1,127.0.0.1,435.7451243400574,1,1024.0,l2,squared_hinge,ovr,9ed36_00125
0.8464027135956513,1711628358,,False,1,9ed36_00124,2024-03-28_13-19-18,440.8812744617462,440.8812744617462,3372,PrF-NB-PoselHP1,127.0.0.1,440.8812744617462,1,512.0,l2,squared_hinge,ovr,9ed36_00124
0.8464027135956513,1711627886,,False,1,9ed36_00121,2024-03-28_13-11-26,448.8487854003906,448.8487854003906,9184,PrF-NB-PoselHP1,127.0.0.1,448.8487854003906,1,64.0,l2,squared_hinge,ovr,9ed36_00121
0.8464027135956513,1711627481,,False,1,9ed36_00120,2024-03-28_13-04-41,431.2705309391022,431.2705309391022,3372,PrF-NB-PoselHP1,127.0.0.1,431.2705309391022,1,32.0,l2,squared_hinge,ovr,9ed36_00120
0.8464027135956513,1711627049,,False,1,9ed36_00119,2024-03-28_12-57-29,419.6417315006256,419.6417315006256,3372,PrF-NB-PoselHP1,127.0.0.1,419.6417315006256,1,16.0,l2,squared_hinge,ovr,9ed36_00119
0.8464027135956513,1711626630,,False,1,9ed36_00118,2024-03-28_12-50-30,423.8437328338623,423.8437328338623,3372,PrF-NB-PoselHP1,127.0.0.1,423.8437328338623,1,8.0,l2,squared_hinge,ovr,9ed36_00118
0.8464027135956513,1711627917,,False,1,9ed36_00122,2024-03-28_13-11-57,436.1980926990509,436.1980926990509,3372,PrF-NB-PoselHP1,127.0.0.1,436.1980926990509,1,128.0,l2,squared_hinge,ovr,9ed36_00122
0.8464026410797123,1711578017,,False,1,9ed36_00029,2024-03-27_23-20-17,450.0823166370392,450.0823166370392,9184,PrF-NB-PoselHP1,127.0.0.1,450.0823166370392,1,0.25,l1,squared_hinge,ovr,9ed36_00029
0.8464024065604349,1711626206,,False,1,9ed36_00117,2024-03-28_12-43-26,419.7813141345978,419.7813141345978,3372,PrF-NB-PoselHP1,127.0.0.1,419.7813141345978,1,4.0,l2,squared_hinge,ovr,9ed36_00117
0.846402265142861,1711624946,,False,1,9ed36_00114,2024-03-28_12-22-26,424.97196078300476,424.97196078300476,3372,PrF-NB-PoselHP1,127.0.0.1,424.97196078300476,1,0.5,l2,squared_hinge,ovr,9ed36_00114
0.8464020824604624,1711625367,,False,1,9ed36_00115,2024-03-28_12-29-27,421.40178966522217,421.40178966522217,3372,PrF-NB-PoselHP1,127.0.0.1,421.40178966522217,1,1.0,l2,squared_hinge,ovr,9ed36_00115
0.8464017036163378,1711624099,,False,1,9ed36_00112,2024-03-28_12-08-19,434.1091253757477,434.1091253757477,3372,PrF-NB-PoselHP1,127.0.0.1,434.1091253757477,1,0.125,l2,squared_hinge,ovr,9ed36_00112
0.8464012076784647,1711623665,,False,1,9ed36_00111,2024-03-28_12-01-05,432.915638923645,432.915638923645,3372,PrF-NB-PoselHP1,127.0.0.1,432.915638923645,1,0.0625,l2,squared_hinge,ovr,9ed36_00111
0.846401021129671,1711624521,,False,1,9ed36_00113,2024-03-28_12-15-21,421.4652965068817,421.4652965068817,3372,PrF-NB-PoselHP1,127.0.0.1,421.4652965068817,1,0.25,l2,squared_hinge,ovr,9ed36_00113
0.8464009668805964,1711622811,,False,1,9ed36_00109,2024-03-28_11-46-51,422.3848617076874,422.3848617076874,3372,PrF-NB-PoselHP1,127.0.0.1,422.3848617076874,1,0.015625,l2,squared_hinge,ovr,9ed36_00109
0.8464004907436886,1711622389,,False,1,9ed36_00108,2024-03-28_11-39-49,416.89055132865906,416.89055132865906,3372,PrF-NB-PoselHP1,127.0.0.1,416.89055132865906,1,0.0078125,l2,squared_hinge,ovr,9ed36_00108
0.8463921366716474,1711577566,,False,1,9ed36_00027,2024-03-27_23-12-46,450.34001111984253,450.34001111984253,14908,PrF-NB-PoselHP1,127.0.0.1,450.34001111984253,1,0.0625,l1,squared_hinge,ovr,9ed36_00027
0.846387559415821,1711577567,,False,1,9ed36_00026,2024-03-27_23-12-47,451.2232265472412,451.2232265472412,9184,PrF-NB-PoselHP1,127.0.0.1,451.2232265472412,1,0.03125,l1,squared_hinge,ovr,9ed36_00026
0.8463761725241206,1711577567,,False,1,9ed36_00025,2024-03-27_23-12-47,451.02036237716675,451.02036237716675,5268,PrF-NB-PoselHP1,127.0.0.1,451.02036237716675,1,0.015625,l1,squared_hinge,ovr,9ed36_00025
0.8463542580102736,1711577115,,False,1,9ed36_00024,2024-03-27_23-05-15,516.3968458175659,516.3968458175659,9184,PrF-NB-PoselHP1,127.0.0.1,516.3968458175659,1,0.0078125,l1,squared_hinge,ovr,9ed36_00024
0.8463016311477075,1711577115,,False,1,9ed36_00023,2024-03-27_23-05-15,531.9352006912231,531.9352006912231,5268,PrF-NB-PoselHP1,127.0.0.1,531.9352006912231,1,0.00390625,l1,squared_hinge,ovr,9ed36_00023
0.8462365518316922,1711577116,,False,1,9ed36_00022,2024-03-27_23-05-16,534.1262638568878,534.1262638568878,14908,PrF-NB-PoselHP1,127.0.0.1,534.1262638568878,1,0.001953125,l1,squared_hinge,ovr,9ed36_00022
0.8461982959134337,1711577115,,False,1,9ed36_00021,2024-03-27_23-05-15,533.3877663612366,533.3877663612366,13956,PrF-NB-PoselHP1,127.0.0.1,533.3877663612366,1,0.0009765625,l1,squared_hinge,ovr,9ed36_00021
0.845072607232824,1711586820,,False,1,9ed36_00057,2024-03-28_01-47-00,5298.546584367752,5298.546584367752,9184,PrF-NB-PoselHP1,127.0.0.1,5298.546584367752,1,32.0,l1,hinge,crammer_singer,9ed36_00057
0.8443807812512634,1711608905,,False,1,9ed36_00078,2024-03-28_07-55-05,5251.953561782837,5251.953561782837,13956,PrF-NB-PoselHP1,127.0.0.1,5251.953561782837,1,32.0,l1,squared_hinge,crammer_singer,9ed36_00078
0.8416252124532696,1711648964,,False,1,9ed36_00143,2024-03-28_19-02-44,11370.990818023682,11370.990818023682,14908,PrF-NB-PoselHP1,127.0.0.1,11370.990818023682,1,128.0,l2,hinge,crammer_singer,9ed36_00143
0.8397806899880379,1711640345,,False,1,9ed36_00141,2024-03-28_16-39-05,5336.658311128616,5336.658311128616,9184,PrF-NB-PoselHP1,127.0.0.1,5336.658311128616,1,32.0,l2,hinge,crammer_singer,9ed36_00141
0.8393598008021285,1711684006,,False,1,9ed36_00165,2024-03-29_04-46-46,16154.700332641602,16154.700332641602,3372,PrF-NB-PoselHP1,127.0.0.1,16154.700332641602,1,256.0,l2,squared_hinge,crammer_singer,9ed36_00165
0.8388118757124665,1711676055,,False,1,9ed36_00164,2024-03-29_02-34-15,11336.986483573914,11336.986483573914,14908,PrF-NB-PoselHP1,127.0.0.1,11336.986483573914,1,128.0,l2,squared_hinge,crammer_singer,9ed36_00164
0.8369016411497661,1711589787,,False,1,9ed36_00058,2024-03-28_02-36-27,7792.0551698207855,7792.0551698207855,5268,PrF-NB-PoselHP1,127.0.0.1,7792.0551698207855,1,64.0,l1,hinge,crammer_singer,9ed36_00058
0.8363958360417069,1711627437,,False,1,9ed36_00081,2024-03-28_13-03-57,17236.9876537323,17236.9876537323,9184,PrF-NB-PoselHP1,127.0.0.1,17236.9876537323,1,256.0,l1,squared_hinge,crammer_singer,9ed36_00081
0.8354553291605237,1711594292,,False,1,9ed36_00059,2024-03-28_03-51-32,11346.51214337349,11346.51214337349,14908,PrF-NB-PoselHP1,127.0.0.1,11346.51214337349,1,128.0,l1,hinge,crammer_singer,9ed36_00059
0.8332147829044029,1711620422,,False,1,9ed36_00080,2024-03-28_11-07-02,11516.313915014267,11516.313915014267,13956,PrF-NB-PoselHP1,127.0.0.1,11516.313915014267,1,128.0,l1,squared_hinge,crammer_singer,9ed36_00080
0.8303902288143429,1711614105,,False,1,9ed36_00079,2024-03-28_09-21-45,7909.084635257721,7909.084635257721,14908,PrF-NB-PoselHP1,127.0.0.1,7909.084635257721,1,64.0,l1,squared_hinge,crammer_singer,9ed36_00079
0.8253090736702079,1711601281,,False,1,9ed36_00060,2024-03-28_05-48-01,16949.663294792175,16949.663294792175,13956,PrF-NB-PoselHP1,127.0.0.1,16949.663294792175,1,256.0,l1,hinge,crammer_singer,9ed36_00060
0.8193303943829275,1711644656,,False,1,9ed36_00142,2024-03-28_17-50-56,7805.584055423737,7805.584055423737,3372,PrF-NB-PoselHP1,127.0.0.1,7805.584055423737,1,64.0,l2,hinge,crammer_singer,9ed36_00142
0.8172260724167778,1711657772,,False,1,9ed36_00144,2024-03-28_21-29-32,17427.05365586281,17427.05365586281,9184,PrF-NB-PoselHP1,127.0.0.1,17427.05365586281,1,256.0,l2,hinge,crammer_singer,9ed36_00144
0.8038281466357096,1711669138,,False,1,9ed36_00163,2024-03-29_00-38-58,7749.053863763809,7749.053863763809,9184,PrF-NB-PoselHP1,127.0.0.1,7749.053863763809,1,64.0,l2,squared_hinge,crammer_singer,9ed36_00163
0.7437404560908853,1711610200,,False,1,9ed36_00061,2024-03-28_08-16-40,23380.36053085327,23380.36053085327,9184,PrF-NB-PoselHP1,127.0.0.1,23380.36053085327,1,512.0,l1,hinge,crammer_singer,9ed36_00061
0.7134848233804589,1711637593,,False,1,9ed36_00082,2024-03-28_15-53-13,23488.113951206207,23488.113951206207,14908,PrF-NB-PoselHP1,127.0.0.1,23488.113951206207,1,512.0,l1,squared_hinge,crammer_singer,9ed36_00082
0.7039346815245275,1711667852,,False,1,9ed36_00145,2024-03-29_00-17-32,23195.667796850204,23195.667796850204,3372,PrF-NB-PoselHP1,127.0.0.1,23195.667796850204,1,512.0,l2,hinge,crammer_singer,9ed36_00145
0.6871468678818363,1711700527,,False,1,9ed36_00167,2024-03-29_09-22-07,25383.591653585434,25383.591653585434,5268,PrF-NB-PoselHP1,127.0.0.1,25383.591653585434,1,1024.0,l2,squared_hinge,crammer_singer,9ed36_00167
0.6362313421644509,1711690921,,False,1,9ed36_00166,2024-03-29_06-42-01,21783.418734788895,21783.418734788895,9184,PrF-NB-PoselHP1,127.0.0.1,21783.418734788895,1,512.0,l2,squared_hinge,crammer_singer,9ed36_00166
0.5225543192153159,1711675143,,False,1,9ed36_00146,2024-03-29_02-19-03,28403.87312078476,28403.87312078476,5268,PrF-NB-PoselHP1,127.0.0.1,28403.87312078476,1,1024.0,l2,hinge,crammer_singer,9ed36_00146
0.4773364626506055,1711646739,,False,1,9ed36_00083,2024-03-28_18-25-39,28689.71691966057,28689.71691966057,5268,PrF-NB-PoselHP1,127.0.0.1,28689.71691966057,1,1024.0,l1,squared_hinge,crammer_singer,9ed36_00083
0.36095037581286626,1711618049,,False,1,9ed36_00062,2024-03-28_10-27-29,28262.395218849182,28262.395218849182,5268,PrF-NB-PoselHP1,127.0.0.1,28262.395218849182,1,1024.0,l1,hinge,crammer_singer,9ed36_00062
