RGB_R,RGB_G,RGB_B,Lab_L,Lab_A,Lab_B,HSV_H,HSV_S,HSV_V,YCrCb_Y,YCrCb_Cr,YCrCb_Cb,YUV_Y,YUV_U,YUV_V,avg_R,avg_G,avg_B,median_R,median_G,median_B,gauss_R,gauss_G,gauss_B,bilateral_R,bilateral_G,bilateral_B,roberts,sobel,scharr,prewitt,farid,laplace,PIL_sharp_R,PIL_sharp_G,PIL_sharp_B,PIL_contour_R,PIL_contour_G,PIL_contour_B,PIL_emboss_R,PIL_emboss_G,PIL_emboss_B,PIL_edge_R,PIL_edge_G,PIL_edge_B,PIL_detail_R,PIL_detail_G,PIL_detail_B,grey_world_R,grey_world_G,grey_world_B,max_white_R,max_white_G,max_white_B,retinex_R,retinex_G,retinex_B,retinex_with_adjust_R,retinex_with_adjust_G,retinex_with_adjust_B,standard_deviation_weighted_grey_world_R,standard_deviation_weighted_grey_world_G,standard_deviation_weighted_grey_world_B,standard_deviation_and_luminance_weighted_gray_world_R,standard_deviation_and_luminance_weighted_gray_world_G,standard_deviation_and_luminance_weighted_gray_world_B,luminance_weighted_gray_world_R,luminance_weighted_gray_world_G,luminance_weighted_gray_world_B,automatic_color_equalization_R,automatic_color_equalization_G,automatic_color_equalization_B,Non_Local_Means_R,Non_Local_Means_G,Non_Local_Means_B,Total_variation_R,Total_variation_G,Total_variation_B,BM3D_R,BM3D_G,BM3D_B,Lab_equalized_R,Lab_equalized_G,Lab_equalized_B,HSV_equalized_R,HSV_equalized_G,HSV_equalized_B,Lab_CLAHE_R,Lab_CLAHE_G,Lab_CLAHE_B,HSV_CLAHE_R,HSV_CLAHE_G,HSV_CLAHE_B,IE_GHE_R,IE_GHE_G,IE_GHE_B,IE_BBHE_R,IE_BBHE_G,IE_BBHE_B,IE_DSIHE_R,IE_DSIHE_G,IE_DSIHE_B,IE_MMBEBHE_R,IE_MMBEBHE_G,IE_MMBEBHE_B,IE_BPHEME_R,IE_BPHEME_G,IE_BPHEME_B,IE_FHSABP_R,IE_FHSABP_G,IE_FHSABP_B,IE_BHEPL_R,IE_BHEPL_G,IE_BHEPL_B,IE_RLBHE_R,IE_RLBHE_G,IE_RLBHE_B,butterworth_R,butterworth_G,butterworth_B,hessian_R,hessian_G,hessian_B,erosion_R,erosion_G,erosion_B,dilation_R,dilation_G,dilation_B,S_wb_R,S_wb_G,S_wb_B,GW_wb_R,GW_wb_G,GW_wb_B,target
0.910135331,0.880840523,0.759802056,0.893148227,0.492255758,0.564835251,0.096065504,0.164749077,0.910288015,0.875793606,0.526506724,0.436566155,0.875793606,0.444976519,0.532417251,0.902546596,0.874743119,0.757834366,0.9080451,0.879310938,0.75884945,0.906378505,0.877922858,0.758931986,0.90668475,0.878285113,0.75902877,0.013915767,0.011673384,0.0122861,0.011337515,0.004537562,-0.000970799,0.966326255,0.941627334,0.788869434,0.963822799,0.967417734,0.962683092,0.509328908,0.508375753,0.505500287,0.912466261,0.883572291,0.759959777,0.910032518,0.880686085,0.759301033,0.886605921,0.880840523,0.858762325,0.910135331,0.880840523,0.882171609,0.910135331,0.880840523,0.878839626,0.906213762,0.880840523,0.87488857,0.853886399,0.849536589,0.839811806,0.898370625,0.880840523,0.76389144,0.859774561,0.852409533,0.831159431,0.79324051,0.772264423,0.797517767,0.910490637,0.881181577,0.760047807,0.905404636,0.876491083,0.757050569,0.908691033,0.879727842,0.759147926,0.330088177,0.310788549,0.208974746,0.331303951,0.318287299,0.273650597,0.838466573,0.810003139,0.690516818,0.804430098,0.776145762,0.668502957,0.329847475,0.316826328,0.272404459,0.870884676,0.840421662,0.724129657,0.629058313,0.605885891,0.521184368,0.881034638,0.850600554,0.733512349,0.886490506,0.85595087,0.738331829,0.053124007,0.049350299,0.042248882,0.890276923,0.859484428,0.740897001,0.845683085,0.816753715,0.704300833,0.108290101,0.078995292,-0.042043156,0.958997151,0.95670524,0.912096823,0.867542392,0.846070332,0.73615336,0.938011264,0.903924812,0.780629527,0.858349326,0.823621112,0.720860917,0.783943973,0.775672264,0.759802056,0
0.993466442,0.966492071,0.811169702,0.967423446,0.486390291,0.580072614,0.100563732,0.18355589,0.993466647,0.956893104,0.527987105,0.420148952,0.956893104,0.430025134,0.53446142,0.988236996,0.961708487,0.806346984,0.990245708,0.962156423,0.806478363,0.988819464,0.962254769,0.806716655,0.988612492,0.962068289,0.806514823,0.01097959,0.006811612,0.00747314,0.006448715,0.001926853,0.016109606,0.995077865,0.975161914,0.825497088,0.989126248,0.98301935,0.980570092,0.511300451,0.510716888,0.509550855,0.991424598,0.973200884,0.829359369,0.994121273,0.968643479,0.8137171,0.966016659,0.966492071,0.917008386,0.993466442,0.966492071,0.942130044,0.993466442,0.966492071,0.938208749,0.989544896,0.966492071,0.934287178,0.931417466,0.932160647,0.896521669,0.98170176,0.966492071,0.818967332,0.938564504,0.935119521,0.887660192,0.934331521,0.914758153,0.893088816,0.989461119,0.962834257,0.807133445,0.987897945,0.961391521,0.806049929,0.988582901,0.962057952,0.806371269,0.899293164,0.873738585,0.721791128,0.901107992,0.875349061,0.734792593,0.957907326,0.931434942,0.777003635,0.977104772,0.948870264,0.796511224,0.900305806,0.874436398,0.734123224,0.985294137,0.956714569,0.803042079,0.989193979,0.960515383,0.806032961,0.982661759,0.954150446,0.801046513,0.990262559,0.961597872,0.807346136,0.223796087,0.216278349,0.181060713,0.987673584,0.959141488,0.804996457,0.976298819,0.947953009,0.795955278,0.110062134,0.08308776,-0.072234595,0.983100611,0.968263401,1.0,0.969205048,0.94246257,0.786049893,0.999272247,0.980638654,0.826719591,0.983055905,0.958777088,0.91003487,0.856212734,0.851297698,0.811169702,0
0.965301737,0.926821571,0.78224047,0.935030556,0.492021652,0.576819806,0.093093594,0.189473613,0.965302695,0.921798704,0.533168703,0.423375118,0.921798704,0.433192523,0.540778147,0.961699289,0.92426345,0.780030065,0.96284311,0.92509471,0.78017739,0.962783266,0.925085351,0.780457376,0.962540204,0.924975464,0.780281823,0.012060151,0.008097011,0.008829701,0.007706737,0.002428225,0.002662164,0.976530843,0.944434275,0.793943487,0.970871271,0.971570683,0.970093001,0.507181783,0.506279771,0.505487056,0.96413129,0.930111236,0.787550607,0.965780342,0.927018792,0.782540576,0.940795437,0.926821571,0.884181799,0.965301737,0.926821571,0.908343183,0.965301737,0.926821571,0.904609179,0.961380169,0.926821571,0.90068761,0.906474668,0.895426476,0.864624143,0.953537032,0.926821571,0.787561896,0.910914347,0.895465168,0.856187426,0.894779391,0.855506883,0.841933878,0.963623172,0.9257645,0.780730141,0.961643931,0.92412158,0.779699645,0.962921593,0.92522288,0.780247194,0.603346809,0.571637159,0.438468618,0.609145439,0.582945365,0.491543782,0.919312518,0.881684476,0.738173311,0.906164687,0.868096512,0.732458692,0.60683577,0.58059633,0.489679692,0.944833594,0.905006199,0.764068659,0.953378058,0.913312906,0.770948468,0.934394161,0.894881907,0.755474286,0.949126688,0.909130148,0.767244386,0.112282601,0.105881622,0.089074225,0.952443988,0.912350314,0.770033044,0.909118213,0.870926953,0.734915476,0.112513365,0.074033206,-0.07054788,0.999736892,0.963371548,1.0,0.938173561,0.903833414,0.75943942,0.984867039,0.945225752,0.801004604,0.941091553,0.896351038,0.803981698,0.831220871,0.816041067,0.78224047,0
0.945344214,0.913303649,0.771761556,0.921768791,0.49016876,0.574741186,0.096278684,0.183389483,0.945375756,0.906738234,0.529483258,0.425927904,0.906738234,0.435491356,0.536477381,0.956200581,0.920619262,0.778861302,0.957056109,0.921150693,0.778934658,0.955579878,0.92032989,0.778402069,0.956416018,0.920808511,0.778842348,0.013829885,0.00844026,0.009206096,0.007991896,0.00257039,-0.023269654,0.943216019,0.919180353,0.765000953,0.919943565,0.937246412,0.935798249,0.495745249,0.498545646,0.497584352,0.910665444,0.889492391,0.749385707,0.940455709,0.909763763,0.768350435,0.921558854,0.913303649,0.872362733,0.945344214,0.913303649,0.896153157,0.945344214,0.913303649,0.8926247,0.941422646,0.913303649,0.888689241,0.887215035,0.88188466,0.853080867,0.933579509,0.913303649,0.776441572,0.892518066,0.882843494,0.844467422,0.856785983,0.829352366,0.819747245,0.954955956,0.919769645,0.777808207,0.955584162,0.920058474,0.778399466,0.956989746,0.921249668,0.779008915,0.503908427,0.479715919,0.353091671,0.485802713,0.467344688,0.393911202,0.870913699,0.839927463,0.700300246,0.850227367,0.819441374,0.691963438,0.48411539,0.465676314,0.392586747,0.924722701,0.891269425,0.753121066,0.837419028,0.806837474,0.680766505,0.914340616,0.881154574,0.744624949,0.923779207,0.890334608,0.752281306,0.084952953,0.080316202,0.067317613,0.931634927,0.897988931,0.758662398,0.88096142,0.849217173,0.717334993,0.097823817,0.065783256,-0.075758821,0.015643504,0.506825586,0.525162363,0.930365599,0.898961075,0.757377442,0.979816642,0.942047833,0.800120742,0.911162152,0.874992542,0.765149248,0.81423153,0.804226929,0.771761556,0
0.796987836,0.800191875,0.735124224,0.816353042,0.489707116,0.533819381,0.151761376,0.097410731,0.808813761,0.791832663,0.50565681,0.469952358,0.791832663,0.474405953,0.506628482,0.793403512,0.794069475,0.734009713,0.805998911,0.80667044,0.738167245,0.7976,0.798967542,0.735933397,0.803065341,0.803673797,0.737724631,0.024932731,0.028425989,0.028950047,0.02802323,0.012598094,-0.008733196,0.862143735,0.880839639,0.772051539,0.930543009,0.946146177,0.953347468,0.502905774,0.503784324,0.501556042,0.786071622,0.794587031,0.728130334,0.795028535,0.798897052,0.733705857,0.775546462,0.800191875,0.830734479,0.796987836,0.800191875,0.853405376,0.796987836,0.800191875,0.850162758,0.791508027,0.800191875,0.845291404,0.747517812,0.772026327,0.812431481,0.785588943,0.800191875,0.739054701,0.7524233,0.773621296,0.804186167,0.578590929,0.618595751,0.744815003,0.800636115,0.802934656,0.737108339,0.803057944,0.803341742,0.734817551,0.804387917,0.805874397,0.738277592,0.180957216,0.186232969,0.134740208,0.18614541,0.186319785,0.169163198,0.623272328,0.626743119,0.564110809,0.586884845,0.588889037,0.539136317,0.183604367,0.183749803,0.166810627,0.568240146,0.568803336,0.518073004,0.352856608,0.353207582,0.321346779,0.649238908,0.649928983,0.592102349,0.813986745,0.817825211,0.751392999,0.02619697,0.026168774,0.023537204,0.676175672,0.677472719,0.618272974,0.745882781,0.747714455,0.683302746,0.017548188,0.020752232,-0.044315406,0.43689706,0.533112673,0.693472111,0.714136613,0.728595594,0.702155214,0.863954281,0.85217956,0.76476493,0.688059472,0.695905571,0.62994196,0.686098675,0.704476251,0.735124224,0
0.978307073,0.945475228,0.789283348,0.949895451,0.488341719,0.581509542,0.097415846,0.193298096,0.978307565,0.937509089,0.531150792,0.418648703,0.937509089,0.428757295,0.538293066,0.979740303,0.949478963,0.797577168,0.981306856,0.949876507,0.797676308,0.979949161,0.949421644,0.79691935,0.980070934,0.949739236,0.797641621,0.012028471,0.007306067,0.008049978,0.006868736,0.002079398,-0.010230779,0.980494785,0.9480814,0.778754316,0.964247363,0.954590189,0.936905375,0.504456782,0.50189882,0.497150674,0.966451824,0.931889587,0.766116034,0.977138791,0.943827239,0.786091427,0.952244804,0.945475228,0.89215164,0.978307073,0.945475228,0.916604063,0.978307073,0.945475228,0.912864045,0.97438551,0.945475228,0.908942474,0.918093866,0.912602295,0.872366182,0.966542375,0.945475228,0.79543397,0.923662193,0.914124575,0.863655139,0.911081983,0.881287805,0.851093624,0.980151302,0.94953852,0.796955395,0.979365933,0.949057906,0.79720667,0.980198577,0.949827087,0.797578516,0.743293143,0.71461091,0.566232374,0.738860124,0.713124544,0.594826786,0.919530293,0.887545192,0.732889081,0.93231739,0.899280131,0.750487072,0.737112264,0.711411363,0.593340915,0.962703947,0.928468645,0.774879733,0.96940193,0.934989012,0.780343515,0.955639173,0.921649135,0.769290735,0.968182241,0.933788507,0.779394176,0.155778362,0.149081609,0.124023274,0.968649654,0.934242387,0.779781637,0.938877616,0.905619438,0.755815056,0.10433885,0.071507006,-0.08468486,0.910607871,0.679505692,4.495576172e-08,0.959228149,0.929568288,0.775735589,0.994601437,0.969348547,0.819196841,0.960531967,0.925871568,0.829933477,0.842563145,0.832656519,0.789283348,0
0.702572032,0.719444497,0.713163128,0.742642129,0.495144262,0.503015593,0.284029029,0.056100739,0.731203162,0.71368071,0.494051722,0.501673329,0.71368071,0.501771505,0.492045373,0.669170473,0.687344925,0.699924246,0.683763706,0.704389075,0.70621517,0.679917656,0.698496399,0.704498822,0.688561824,0.707018725,0.707788026,0.034002812,0.038203062,0.038866605,0.037649161,0.01674717,0.027398951,0.751927212,0.794184396,0.759141514,0.971098526,0.97804749,0.975909739,0.519149457,0.5166059,0.5086958,0.751335133,0.763565053,0.732654686,0.708549292,0.724698264,0.715377414,0.68364891,0.719444497,0.805871598,0.702572032,0.719444497,0.827775287,0.702572032,0.719444497,0.82471416,0.694738962,0.719444497,0.818205737,0.658763637,0.693688708,0.78805411,0.69259617,0.719444497,0.717084697,0.66298729,0.695612487,0.780102216,0.400282977,0.467478295,0.699883973,0.701635652,0.718687015,0.712773615,0.687881025,0.706412352,0.703397633,0.688470751,0.707549641,0.706488128,0.122975848,0.137411993,0.132075156,0.125379942,0.128995397,0.127164258,0.489258635,0.505297343,0.499230467,0.466521694,0.478210879,0.474184084,0.123380138,0.126933163,0.125113604,0.384544341,0.394206535,0.388995063,0.238068279,0.244356182,0.240996996,0.440620408,0.451547331,0.445649624,0.758599786,0.777703156,0.771210342,0.015320752,0.016760188,0.016298501,0.489386015,0.501512216,0.495312422,0.561552642,0.575323696,0.568056031,-0.074719312,-0.057846839,-0.064128202,0.887148555,0.976505329,0.950057776,0.569957657,0.598099908,0.660380295,0.764322282,0.770147495,0.73902767,0.545081453,0.568052002,0.548709996,0.604566043,0.633194647,0.713163128,1
0.509125978,0.546898963,0.639131425,0.580273197,0.509443274,0.44832184,0.435370995,0.208414528,0.639381791,0.546106965,0.475510059,0.554442159,0.546106965,0.547526117,0.469369904,0.470865896,0.507001589,0.621615748,0.478502047,0.518758858,0.627077933,0.483430037,0.520796488,0.627770776,0.492127144,0.530126945,0.632081526,0.044315298,0.052829895,0.05368934,0.05196305,0.022615026,0.029864573,0.475674896,0.554108751,0.655417595,0.961612273,0.968888988,0.971968986,0.517018694,0.516493174,0.509878316,0.561656903,0.59933817,0.66187504,0.515221514,0.553015569,0.641545843,0.494883645,0.546898963,0.722102855,0.509125978,0.546898963,0.741844572,0.509125978,0.546898963,0.738887278,0.501282842,0.546898963,0.731044134,0.476870954,0.526878389,0.706225697,0.501359687,0.546898963,0.643052994,0.479890214,0.528380583,0.698975009,0.122886153,0.172641987,0.549014675,0.508247009,0.546124959,0.638816247,0.490494204,0.529358477,0.627031171,0.493465941,0.532365799,0.629527513,0.039373097,0.082696269,0.154210363,0.051184902,0.054921795,0.065489208,0.3411988,0.380169082,0.466055654,0.315951531,0.338695143,0.397014228,0.049685187,0.053308052,0.063649888,0.158622751,0.170024303,0.19809624,0.097709532,0.104766868,0.122884913,0.182189346,0.195322388,0.227182036,0.564637739,0.606627276,0.710909521,0.004476835,0.004523934,0.008128208,0.242790225,0.260328214,0.30360181,0.249526549,0.26756527,0.311188387,-0.227823784,-0.19005079,-0.097818319,0.893489272,0.978508219,0.935524657,0.36839446,0.405365533,0.572392877,0.58512558,0.615292159,0.673424079,0.253539836,0.294902226,0.280316568,0.437535042,0.480943734,0.639131425,1
0.852120446,0.840806444,0.75705595,0.855386672,0.491659021,0.544640374,0.109302315,0.11297632,0.854788231,0.834653321,0.514438259,0.458194675,0.834653321,0.464132679,0.517471896,0.824074014,0.817338919,0.747575697,0.837382993,0.829942146,0.751184321,0.833728452,0.825735081,0.750585878,0.837374508,0.829214433,0.751811213,0.023965702,0.025404067,0.025908992,0.025060093,0.01126669,0.023633567,0.934000191,0.930550792,0.802479173,0.979062026,0.982393138,0.977249234,0.515142015,0.512549097,0.507590362,0.888726233,0.873759693,0.774560516,0.857292304,0.844964095,0.75919018,0.829503921,0.840806444,0.855660686,0.852120446,0.840806444,0.879010916,0.852120446,0.840806444,0.875615919,0.847641363,0.840806444,0.871578553,0.799397128,0.811235212,0.836751612,0.84035574,0.840806444,0.761299953,0.804603429,0.813076956,0.828274596,0.683585794,0.69460232,0.788825812,0.850288281,0.839336923,0.756062383,0.837758622,0.828657862,0.748451682,0.838932875,0.830502288,0.751401349,0.240950135,0.234978689,0.167104651,0.239321513,0.234707668,0.209704859,0.687945588,0.67756144,0.596705348,0.663907075,0.653858833,0.587160718,0.237046534,0.232429195,0.207654982,0.700287782,0.688953813,0.617635859,0.452789221,0.444839771,0.39800904,0.766682435,0.754832378,0.677576913,0.849036397,0.83701215,0.753294097,0.036183049,0.034307364,0.03077311,0.78171287,0.769864312,0.691370033,0.815626448,0.804051909,0.723573606,0.040716128,0.02940213,-0.054348351,0.9005982,0.961944764,0.933944256,0.751079516,0.756582791,0.718306417,0.894844927,0.875273022,0.777833745,0.771270829,0.760218358,0.710815166,0.733681754,0.740308042,0.75705595,1
0.384643572,0.430741971,0.575422026,0.466745519,0.522004268,0.417250371,0.441179097,0.339996181,0.575510187,0.433442782,0.467131354,0.582000847,0.433442782,0.571959931,0.459229099,0.419831899,0.460518304,0.5903439,0.411244067,0.454814864,0.588894963,0.407333908,0.45022639,0.585082299,0.400289398,0.44309372,0.582274659,0.042197511,0.051214455,0.05208618,0.0503235,0.022109532,-0.031191732,0.111162631,0.180623458,0.443365458,0.858867129,0.873613722,0.92683442,0.484034235,0.486506866,0.494941195,0.334804071,0.386678513,0.553545876,0.377924735,0.424816575,0.572367538,0.373510507,0.430741971,0.650022061,0.384643572,0.430741971,0.667759876,0.384643572,0.430741971,0.664981275,0.376933193,0.430741971,0.657138137,0.35970982,0.414532959,0.635483942,0.378045048,0.430741971,0.579193205,0.362111924,0.41557636,0.629034772,0.059494587,0.072415747,0.420814105,0.385402707,0.43140795,0.575741368,0.405446727,0.448897516,0.589540778,0.398309284,0.44267757,0.583475204,0.007021693,0.047443619,0.169912523,0.023240041,0.025929443,0.036103118,0.205392297,0.261685116,0.393693984,0.190977603,0.212959546,0.28485774,0.022170711,0.024770915,0.034391775,0.073582571,0.081830208,0.108691036,0.044730362,0.04976586,0.067021386,0.08477683,0.094260783,0.124864785,0.410998256,0.45954543,0.614341074,0.001322402,0.001340034,0.003799182,0.129340207,0.143699932,0.190400931,0.128942968,0.143709267,0.190732829,-0.341483649,-0.295385238,-0.150705176,0.078551632,0.090453023,0.308648722,0.313210031,0.356481086,0.533702593,0.521250241,0.557717406,0.638910778,0.094973324,0.131719493,0.132224598,0.33013366,0.378298121,0.575422026,1
0.61658462,0.646560595,0.687242802,0.674472394,0.500068447,0.477248981,0.405391803,0.113066482,0.690638509,0.642212569,0.48362314,0.527372773,0.642212569,0.523681919,0.479288,0.646291223,0.668960969,0.695358995,0.647442353,0.672698456,0.697644684,0.637104897,0.662346275,0.693414471,0.638339477,0.663196122,0.693758705,0.040048513,0.046666974,0.047643299,0.045694975,0.019955008,-0.02612211,0.41018346,0.499364021,0.645864768,0.862017397,0.88864676,0.938485226,0.487317059,0.490983366,0.497868048,0.568690679,0.609621399,0.67180075,0.610485357,0.641788566,0.685032586,0.599615292,0.646560595,0.776519123,0.61658462,0.646560595,0.797627862,0.61658462,0.646560595,0.794746357,0.608751914,0.646560595,0.787139455,0.577881913,0.623605521,0.759368768,0.608540219,0.646560595,0.691164371,0.581598535,0.624724742,0.751787636,0.245894209,0.326999078,0.645713203,0.617886184,0.647638558,0.687834801,0.638720066,0.66532174,0.696493673,0.634279647,0.66135117,0.695208006,0.081717248,0.11153553,0.14173302,0.090459322,0.094959523,0.10191477,0.390616117,0.419546509,0.456833015,0.375471043,0.393633841,0.419688252,0.088609294,0.093022363,0.099841388,0.278044813,0.2913282,0.309637649,0.171866698,0.180186609,0.192082629,0.319035672,0.334228607,0.355004149,0.6809521,0.714539167,0.761112033,0.010280389,0.010730164,0.013518398,0.373026429,0.390916172,0.415688755,0.415058578,0.43487198,0.461737579,-0.171462197,-0.141486214,-0.100803997,0.022063096,0.038179202,0.360976452,0.532473695,0.569253969,0.651968322,0.745340455,0.754400995,0.733740184,0.415638436,0.45266109,0.452817561,0.530262254,0.568888259,0.687242802,1
0.780471718,0.782525161,0.733977563,0.801521991,0.492803599,0.525972905,0.161457325,0.074016482,0.790723269,0.776379865,0.504907626,0.477998178,0.776379865,0.481580427,0.505563723,0.794292373,0.792598915,0.738108233,0.798457476,0.797086433,0.739846771,0.791149607,0.790549231,0.73742897,0.795289668,0.793879184,0.738670425,0.026667615,0.029197662,0.029890299,0.028616007,0.012460016,-0.012236127,0.740804013,0.766801312,0.730817902,0.912618677,0.929884473,0.952133611,0.495225783,0.497364365,0.500202869,0.755644498,0.764258304,0.726133809,0.77749736,0.780181234,0.732895128,0.75982087,0.782525161,0.829456282,0.780471718,0.782525161,0.852066652,0.780471718,0.782525161,0.84880056,0.773914482,0.782525161,0.843764625,0.732093166,0.754657221,0.811185058,0.768828462,0.782525161,0.737932941,0.736801054,0.756700017,0.802906813,0.549074727,0.586320236,0.742140624,0.783351296,0.784814545,0.73524556,0.79488318,0.794299798,0.738507817,0.793517265,0.793404874,0.739277417,0.168408343,0.171806535,0.13370897,0.17235558,0.172687385,0.160198966,0.572861444,0.575065761,0.528703105,0.549073475,0.550244186,0.514291466,0.170143124,0.170465539,0.158127997,0.526105008,0.526464359,0.490640603,0.326907587,0.327266312,0.304440578,0.599405911,0.599899862,0.559345056,0.808757238,0.811684644,0.760920219,0.023680291,0.024207424,0.021570507,0.635605921,0.636523081,0.594093881,0.715717619,0.717146887,0.670363506,-0.023058622,-0.021005172,-0.069552761,0.047893064,0.077426764,0.51484678,0.715441527,0.727543049,0.706359423,0.864656491,0.850124026,0.767230794,0.66279271,0.667908146,0.62566927,0.671794655,0.688843836,0.733977563,1
0.438890362,0.449737306,0.614648003,0.495953992,0.537451871,0.411661541,0.464842201,0.294982645,0.614648003,0.465303051,0.483115543,0.586220966,0.465303051,0.575642658,0.478599988,0.5079054,0.516790771,0.641021299,0.485515907,0.493492967,0.634000605,0.479774567,0.489151512,0.630838456,0.460865486,0.471202734,0.624138388,0.046408142,0.052857021,0.053634371,0.052234063,0.02371794,-0.04553236,0.028302572,0.025434265,0.384592623,0.807556421,0.824043084,0.913381275,0.476869233,0.478900918,0.491840992,0.361749365,0.37567574,0.582318304,0.429268416,0.440574637,0.610556275,0.426283519,0.449737306,0.694506041,0.438890362,0.449737306,0.713478939,0.438890362,0.449737306,0.710475132,0.431047225,0.449737306,0.702631992,0.410823335,0.43280555,0.679029316,0.431190601,0.449737306,0.618569572,0.41339071,0.433953346,0.67204801,0.081337498,0.080117226,0.496606273,0.439094982,0.449928656,0.614797121,0.46986732,0.480137263,0.639441322,0.455300631,0.465879234,0.626746225,0.023285989,0.044826258,0.18202366,0.032345459,0.033294734,0.047297524,0.224767027,0.245666042,0.394287833,0.213114185,0.218753114,0.301087153,0.031194513,0.032140637,0.045702269,0.101685067,0.104539982,0.143098662,0.062114878,0.063880293,0.088414126,0.11694279,0.120200261,0.164278127,0.485441856,0.497591786,0.682066206,0.001793775,0.001800865,0.005363994,0.176038107,0.180746668,0.247155733,0.169236415,0.173841777,0.237178501,-0.350340609,-0.339493657,-0.17458295,0.009845568,0.001207211,3.136422584e-07,0.367205529,0.383620503,0.582979251,0.630587952,0.631916936,0.690487579,0.147809586,0.141115032,0.184835246,0.376963761,0.395048041,0.614648003,2
0.266886549,0.276493025,0.522715044,0.326596131,0.570116254,0.362198722,0.466525589,0.501268385,0.522715044,0.301684047,0.47712312,0.626640437,0.301684047,0.611079956,0.47113849,0.346051925,0.356440528,0.557519101,0.322245758,0.33044769,0.549666119,0.311819964,0.321521608,0.543002187,0.294591313,0.304877091,0.535893045,0.041004143,0.046166414,0.04669127,0.045769548,0.02066675,-0.049803023,0.006597206,0.004081276,0.237298124,0.815863526,0.819212995,0.906636086,0.47425824,0.475939537,0.489955454,0.189317154,0.19728937,0.483782674,0.256819549,0.266494939,0.517802418,0.258487719,0.276493025,0.590339948,0.266886549,0.276493025,0.606277815,0.266886549,0.276493025,0.603965346,0.259791627,0.276493025,0.596122212,0.249000477,0.265592486,0.577082092,0.262651036,0.276493025,0.526499877,0.250653333,0.266163492,0.57127686,0.029686878,0.026468676,0.311711671,0.267209979,0.276824152,0.522955902,0.31125337,0.32109935,0.555952823,0.285591236,0.295086988,0.537681945,0.000562256,0.001181393,0.219589263,0.005168595,0.005397217,0.012959226,0.075639789,0.121227343,0.343459421,0.106703865,0.110149595,0.209510226,0.004340526,0.004552739,0.010918042,0.018451611,0.019226079,0.037219353,0.010525338,0.010958515,0.022550388,0.021619494,0.022516478,0.043030057,0.269029466,0.278638131,0.525776818,5.360024575e-05,5.360024575e-05,0.00025925,0.04356059,0.045251732,0.083589033,0.047910961,0.049785875,0.094773982,-0.447281038,-0.437674553,-0.191452525,0.013670912,0.003349928,0.011994966,0.219631921,0.232331895,0.493188969,0.451384061,0.458079715,0.607859569,0.003046463,0.000736183,0.007996281,0.228426736,0.242129801,0.522715044,2
0.494395173,0.501590818,0.641375943,0.546152168,0.530999685,0.426645502,0.466597325,0.238473781,0.641375943,0.515390499,0.48700875,0.57298071,0.515390499,0.563956285,0.48338973,0.495751824,0.50514239,0.638132699,0.484085398,0.493506798,0.635080235,0.482225785,0.491155784,0.633737075,0.482474376,0.491760882,0.633775616,0.039407982,0.041305771,0.042606007,0.040066948,0.016793164,0.036277561,0.068890499,0.065664599,0.479786125,0.958123061,0.969016735,0.981028105,0.520801685,0.518566294,0.511969966,0.550125769,0.553388282,0.67291037,0.501723785,0.508312405,0.645418916,0.480555024,0.501590818,0.724740596,0.494395173,0.501590818,0.744516109,0.494395173,0.501590818,0.741444369,0.486552037,0.501590818,0.733601225,0.463022626,0.483281814,0.708682393,0.486552037,0.501590818,0.645297511,0.465986445,0.48428774,0.701390392,0.108123531,0.112684884,0.551293566,0.494000601,0.501193104,0.64104251,0.48984858,0.499225971,0.644460871,0.473011402,0.481401716,0.630007516,0.041532016,0.064947731,0.174485724,0.048897242,0.049758639,0.065481528,0.27411477,0.286740872,0.413437424,0.25860964,0.262642978,0.338052724,0.047490488,0.048311416,0.063668164,0.151590316,0.154232316,0.198074877,0.093256256,0.094863425,0.12277112,0.174036721,0.176938874,0.227009696,0.550933205,0.558992173,0.717159532,0.004253023,0.004260732,0.00817652,0.235777823,0.239524029,0.307321881,0.23881487,0.242884823,0.310964029,-0.30475034,-0.297554684,-0.157769554,0.023096008,0.021130343,1.0,0.384275208,0.40045674,0.590453365,0.582109195,0.582700802,0.674874037,0.230971732,0.2230862,0.283387789,0.424828282,0.440903824,0.641375943,2
0.625213764,0.630144748,0.689477897,0.66495285,0.512527206,0.470513496,0.431132523,0.111299358,0.693891386,0.635414171,0.494676496,0.532477424,0.635414171,0.528221348,0.492844593,0.657532763,0.659421726,0.697450901,0.643034963,0.647975786,0.695335654,0.64011297,0.643544588,0.692490401,0.629890919,0.634129281,0.689353933,0.058480981,0.071422916,0.072153033,0.070744232,0.032975082,0.002467457,0.258935701,0.286030534,0.581535401,0.883994006,0.903499533,0.952665733,0.506305429,0.505229114,0.504884772,0.617492628,0.62421616,0.694570243,0.625339695,0.630221487,0.690459766,0.60832721,0.630144748,0.77901288,0.625213764,0.630144748,0.800208644,0.625213764,0.630144748,0.797333874,0.617459172,0.630144748,0.789964941,0.586019723,0.60755785,0.761844936,0.61686887,0.630144748,0.693399466,0.589811425,0.609029668,0.754210366,0.257967606,0.295105434,0.648440152,0.625134031,0.630074015,0.689425014,0.629739555,0.635610691,0.697232365,0.624576967,0.630098892,0.69115575,0.095622921,0.105187771,0.148966487,0.093588349,0.094139297,0.103725792,0.39477192,0.400529327,0.454636356,0.379640528,0.382533005,0.419224172,0.091658063,0.092163755,0.101604642,0.286902213,0.28894072,0.31492972,0.177629557,0.178762935,0.195474369,0.329059569,0.331361744,0.361006681,0.688218597,0.693619854,0.761425826,0.010893028,0.010615587,0.013844535,0.383707703,0.386460476,0.421860852,0.425188183,0.428464356,0.466985455,-0.198447007,-0.193516016,-0.134182856,0.085299708,0.095836268,0.334169703,0.490926113,0.50604373,0.636398002,0.809901376,0.798057964,0.75148711,0.428741796,0.426646227,0.461088345,0.537717333,0.554428762,0.689477897,2
0.444334835,0.454202008,0.611760513,0.499485586,0.536398929,0.415526071,0.465642032,0.287590149,0.611781597,0.469251556,0.484157737,0.582357184,0.469251556,0.572237007,0.480037982,0.40782208,0.421556004,0.596479046,0.407164267,0.420712655,0.596546513,0.415981472,0.428129902,0.599721719,0.416495914,0.429243122,0.600312063,0.042716856,0.047516965,0.048791438,0.046251164,0.018470609,0.040522879,0.217187446,0.212928539,0.532873737,0.965899235,0.971882788,0.977343471,0.523639074,0.520813858,0.511857502,0.513472514,0.519181981,0.642833676,0.452797834,0.46209153,0.615589313,0.431688831,0.454202008,0.69125872,0.444334835,0.454202008,0.71006539,0.444334835,0.454202008,0.707122103,0.436491698,0.454202008,0.699278961,0.415926654,0.437406731,0.675846531,0.437065175,0.454202008,0.615682081,0.4185326,0.43851995,0.668960593,0.085123345,0.088319634,0.490685247,0.443829374,0.453685004,0.611504114,0.419746501,0.432682699,0.6023563,0.416085588,0.42761817,0.597250892,0.027961208,0.04707991,0.178477767,0.03436222,0.0351381,0.047956992,0.248062421,0.26564623,0.409588895,0.225275155,0.230533431,0.313282748,0.033021296,0.033847778,0.046114276,0.107358218,0.110056932,0.144604689,0.065722121,0.067480501,0.089496105,0.123483035,0.126573905,0.165903446,0.488509408,0.499595219,0.673763461,0.002331858,0.002327641,0.005334177,0.178916308,0.183314368,0.24198188,0.17734768,0.18169514,0.239198833,-0.287293025,-0.277425843,-0.119867332,0.952688179,0.945161294,0.946236563,0.318840414,0.334581508,0.554817651,0.516803738,0.523019212,0.644929392,0.160649387,0.156605533,0.184625775,0.381690936,0.399017526,0.611760513,2
0.341474296,0.348780271,0.567057735,0.39920124,0.557224594,0.3804228,0.467493318,0.408984285,0.567057735,0.371488634,0.480535524,0.612307457,0.371488634,0.598616757,0.475294706,0.34945103,0.358042856,0.566047424,0.340447284,0.347619664,0.563495204,0.338663235,0.345804999,0.562459844,0.33763344,0.345111975,0.561725071,0.036137642,0.038801211,0.039905838,0.037714335,0.015365559,0.009996433,0.030696226,0.024314284,0.38616181,0.93965407,0.951204467,0.974976018,0.512500897,0.512492548,0.50941708,0.357327565,0.36798733,0.583206026,0.342943841,0.350650601,0.568772204,0.33109007,0.348780271,0.640551656,0.341474296,0.348780271,0.65802198,0.341474296,0.348780271,0.655355646,0.333672906,0.348780271,0.647512511,0.319133318,0.335220381,0.626218031,0.335593334,0.348780271,0.570979305,0.32122074,0.33611658,0.619919588,0.046530013,0.041843056,0.400372979,0.340987092,0.348331449,0.566665845,0.348288495,0.356225399,0.573534131,0.332418649,0.338970916,0.56020882,0.004105262,0.01025063,0.20394385,0.013273216,0.013643386,0.02449241,0.149587395,0.180492364,0.377689665,0.159217365,0.162526624,0.265620186,0.012154359,0.012479996,0.022488486,0.043346,0.044367444,0.072664528,0.025903507,0.026532517,0.044626285,0.050281805,0.051439628,0.083791875,0.363294809,0.371112898,0.604269494,9.741299858e-05,9.741299858e-05,0.001753434,0.090438224,0.092469981,0.148746861,0.08596836,0.087972284,0.142782402,-0.382975913,-0.37566993,-0.157392456,0.088715601,0.053229397,1.0,0.259441419,0.268659471,0.52082275,0.425182676,0.428544816,0.603509675,0.037565234,0.026863721,0.056134934,0.292809542,0.305899065,0.567057735,2
